{"batch": 8440, "epoch": 9, "batch_loss": 0.4288920827241589, "_runtime": 57, "_timestamp": 1615546067, "_step": 8451, "validation_accuracy": 0.875, "accuracy": 0.8934074074074074, "validation_loss": 0.4965294946283111, "loss": 0.4346822036551258, "test_accuracy": 0.8681, "test_loss": 0.5135842018202885, "Confusion Matrix": {"_type": "image-file", "path": "media/images/Confusion Matrix_8451_ff997f2e.png", "sha256": "ff997f2e79ea7c6a61075a319402bafd8a8e497ce2ce87999678f7a7b41c1e5b", "size": 48227, "format": "png", "width": 720, "height": 720, "caption": "hl_4_bs_64_ac_relu_op_momentum"}}